4,80,content
12,80,content
13,80,content
16,80,content
17,80,content
18,80,content
19,80,content
20,80,content
21,80,content
22,80,content
23,80,content
24,80,content
25,80,content
26,80,content
27,80,content
28,80,content
29,80,content
30,80,content
32,80,content
33,80,content
34,80,content
35,80,content
36,80,content
37,80,content
38,80,content
39,80,content
40,80,content
41,80,content
42,80,content
43,80,content
44,80,content
45,80,content
46,80,content
47,80,content
48,80,content
49,80,content
50,80,content
51,80,content
52,80,content
53,80,content
54,80,content
55,80,content
56,80,content
57,80,content
58,80,content
59,80,content
60,80,content
61,80,content
62,80,content
63,80,content
64,80,content
65,80,content
66,80,content
67,80,content
68,80,content
69,80,content
70,80,content
71,80,content
72,80,content
73,80,content
74,80,content
75,80,content
76,80,content
77,80,content
78,80,content
79,80,content
80,80,content
81,80,content
82,80,content
83,80,content
84,80,content
85,80,content
86,80,content
87,80,content
88,80,content
89,80,content
90,80,content
91,80,content
92,80,content
93,80,content
94,80,content
95,80,content
96,80,content
97,80,content
98,80,content
99,80,content
